<?xml version="1.0" encoding="UTF-8"?>
<deploy xmlns="http://www.apache.org/ode/schemas/dd/2007/03" xmlns:sample="http://wso2.org/bps/sample" xmlns:tempuri.org="http://tempuri.org/">
  <process name="sample:SomarEscondidoProcess">
    <active>true</active>
    <retired>false</retired>
    <process-events generate="all"/>
    <provide partnerLink="client">
      <service name="sample:SomarEscondidoProcess" port="SomarEscondidoProcessPort"/>
    </provide>
    <invoke partnerLink="CalculatorPL">
      <service name="tempuri.org:Calculator" port="CalculatorSoap"/>
    </invoke>
  </process>
</deploy>